length	width	species	stage	species.stage	observer_year
379	19	C. inopinata	Dauer	C. inopinata Dauer	EWH 2017
523	28	C. inopinata	Dauer	C. inopinata Dauer	EWH 2017
475	30	C. inopinata	Dauer	C. inopinata Dauer	EWH 2017
432	27	C. inopinata	Dauer	C. inopinata Dauer	EWH 2017
481	44	C. inopinata	Dauer	C. inopinata Dauer	EWH 2017
419	34	C. inopinata	Dauer	C. inopinata Dauer	EWH 2017
471	35	C. inopinata	Dauer	C. inopinata Dauer	EWH 2017
379	29	C. inopinata	Dauer	C. inopinata Dauer	EWH 2017
407	33	C. inopinata	Dauer	C. inopinata Dauer	EWH 2017
419	38	C. inopinata	Dauer	C. inopinata Dauer	EWH 2017
380	26	C. inopinata	Dauer	C. inopinata Dauer	EWH 2017
441	32	C. inopinata	Dauer	C. inopinata Dauer	EWH 2017
416	34	C. inopinata	Dauer	C. inopinata Dauer	EWH 2017
493	38	C. inopinata	Dauer	C. inopinata Dauer	EWH 2017
402	29	C. inopinata	Dauer	C. inopinata Dauer	EWH 2017
473	27	C. inopinata	Dauer	C. inopinata Dauer	EWH 2017
437	33	C. inopinata	Dauer	C. inopinata Dauer	EWH 2017
344	30	C. inopinata	Dauer	C. inopinata Dauer	EWH 2017
468	27	C. inopinata	Dauer	C. inopinata Dauer	EWH 2017
436	33	C. inopinata	Dauer	C. inopinata Dauer	EWH 2017
408	24	C. inopinata	Dauer	C. inopinata Dauer	EWH 2017
489	25	C. inopinata	Dauer	C. inopinata Dauer	EWH 2017
433	21	C. inopinata	Dauer	C. inopinata Dauer	EWH 2017
424	28	C. inopinata	Dauer	C. inopinata Dauer	EWH 2017
436	25	C. inopinata	Dauer	C. inopinata Dauer	EWH 2017
447	24	C. inopinata	Dauer	C. inopinata Dauer	EWH 2017
505	27	C. inopinata	Dauer	C. inopinata Dauer	EWH 2017
404	26	C. inopinata	Dauer	C. inopinata Dauer	EWH 2017
423	24	C. inopinata	Dauer	C. inopinata Dauer	EWH 2017
450	26	C. inopinata	Dauer	C. inopinata Dauer	EWH 2017
441	26	C. inopinata	Dauer	C. inopinata Dauer	EWH 2017
393	22	C. inopinata	Dauer	C. inopinata Dauer	EWH 2017
420	26	C. inopinata	Dauer	C. inopinata Dauer	EWH 2017
429	28	C. inopinata	Dauer	C. inopinata Dauer	EWH 2017
437	23	C. inopinata	Dauer	C. inopinata Dauer	EWH 2017
411	21	C. inopinata	Dauer	C. inopinata Dauer	EWH 2017
462	21	C. inopinata	Dauer	C. inopinata Dauer	EWH 2017
435	22	C. inopinata	Dauer	C. inopinata Dauer	EWH 2017
372	26	C. inopinata	Dauer	C. inopinata Dauer	EWH 2017
432	24	C. inopinata	Dauer	C. inopinata Dauer	EWH 2017
383	25	C. inopinata	Dauer	C. inopinata Dauer	EWH 2017
497	34	C. inopinata	Dauer	C. inopinata Dauer	EWH 2017
426	24	C. inopinata	Dauer	C. inopinata Dauer	EWH 2017
337	27	C. inopinata	Dauer	C. inopinata Dauer	EWH 2017
396	30	C. inopinata	Dauer	C. inopinata Dauer	EWH 2017
482	26	C. inopinata	Dauer	C. inopinata Dauer	EWH 2017
483	29	C. inopinata	Dauer	C. inopinata Dauer	EWH 2017
393	28	C. inopinata	Dauer	C. inopinata Dauer	EWH 2017
373	21	C. inopinata	Dauer	C. inopinata Dauer	EWH 2017
373	25	C. inopinata	Dauer	C. inopinata Dauer	EWH 2017
445	26	C. inopinata	Dauer	C. inopinata Dauer	EWH 2017
351	28	C. inopinata	Dauer	C. inopinata Dauer	EWH 2017
473	27	C. inopinata	Dauer	C. inopinata Dauer	EWH 2017
467	26	C. inopinata	Dauer	C. inopinata Dauer	EWH 2017
389	29	C. inopinata	Dauer	C. inopinata Dauer	EWH 2017
326	26	C. inopinata	Dauer	C. inopinata Dauer	EWH 2017
359	25	C. inopinata	Dauer	C. inopinata Dauer	EWH 2017
361	27	C. inopinata	Dauer	C. inopinata Dauer	EWH 2017
391	26	C. inopinata	Dauer	C. inopinata Dauer	EWH 2017
432	24	C. inopinata	Dauer	C. inopinata Dauer	EWH 2017
397	26	C. inopinata	Dauer	C. inopinata Dauer	EWH 2017
344	25	C. inopinata	Dauer	C. inopinata Dauer	EWH 2017
434	22	C. inopinata	Dauer	C. inopinata Dauer	EWH 2017
391	23	C. inopinata	Dauer	C. inopinata Dauer	EWH 2017
370	25	C. inopinata	Dauer	C. inopinata Dauer	EWH 2017
355	24	C. inopinata	Dauer	C. inopinata Dauer	EWH 2017
476	27	C. inopinata	Dauer	C. inopinata Dauer	EWH 2017
403	24	C. inopinata	Dauer	C. inopinata Dauer	EWH 2017
452	31	C. inopinata	Dauer	C. inopinata Dauer	EWH 2017
500	31	C. inopinata	Dauer	C. inopinata Dauer	EWH 2017
403	25	C. inopinata	Dauer	C. inopinata Dauer	EWH 2017
454	27	C. inopinata	Dauer	C. inopinata Dauer	EWH 2017
399	23	C. inopinata	Dauer	C. inopinata Dauer	EWH 2017
425	26	C. inopinata	Dauer	C. inopinata Dauer	EWH 2017
410	23	C. inopinata	Dauer	C. inopinata Dauer	EWH 2017
416	27	C. inopinata	Dauer	C. inopinata Dauer	EWH 2017
485	28	C. inopinata	Dauer	C. inopinata Dauer	EWH 2017
509	30	C. inopinata	Dauer	C. inopinata Dauer	EWH 2017
420	27	C. inopinata	Dauer	C. inopinata Dauer	EWH 2017
444	27	C. inopinata	Dauer	C. inopinata Dauer	EWH 2017
489	28	C. inopinata	Dauer	C. inopinata Dauer	EWH 2017
418	26	C. inopinata	Dauer	C. inopinata Dauer	EWH 2017
457	28	C. inopinata	Dauer	C. inopinata Dauer	EWH 2017
452	22	C. inopinata	Dauer	C. inopinata Dauer	EWH 2017
457	26	C. inopinata	Dauer	C. inopinata Dauer	EWH 2017
349	19	C. inopinata	Dauer	C. inopinata Dauer	EWH 2017
524	26	C. inopinata	Dauer	C. inopinata Dauer	EWH 2017
431	21	C. inopinata	Dauer	C. inopinata Dauer	EWH 2017
480	21	C. inopinata	Dauer	C. inopinata Dauer	EWH 2017
466	30	C. inopinata	Dauer	C. inopinata Dauer	EWH 2017
447	30	C. inopinata	Dauer	C. inopinata Dauer	EWH 2017
448	27	C. inopinata	Dauer	C. inopinata Dauer	EWH 2017
452	28	C. inopinata	Dauer	C. inopinata Dauer	EWH 2017
502	23	C. inopinata	Dauer	C. inopinata Dauer	EWH 2017
443	34	C. inopinata	Dauer	C. inopinata Dauer	EWH 2017
428	30	C. inopinata	Dauer	C. inopinata Dauer	EWH 2017
467	29	C. inopinata	Dauer	C. inopinata Dauer	EWH 2017
572	12	C. elegans	Dauer	C. elegans Dauer	EWH 2017
475	23	C. elegans	Dauer	C. elegans Dauer	EWH 2017
386	18	C. elegans	Dauer	C. elegans Dauer	EWH 2017
485	23	C. elegans	Dauer	C. elegans Dauer	EWH 2017
527	21	C. elegans	Dauer	C. elegans Dauer	EWH 2017
478	23	C. elegans	Dauer	C. elegans Dauer	EWH 2017
551	24	C. elegans	Dauer	C. elegans Dauer	EWH 2017
392	17	C. elegans	Dauer	C. elegans Dauer	EWH 2017
454	17	C. elegans	Dauer	C. elegans Dauer	EWH 2017
522	21	C. elegans	Dauer	C. elegans Dauer	EWH 2017
491	22	C. elegans	Dauer	C. elegans Dauer	EWH 2017
487	14	C. elegans	Dauer	C. elegans Dauer	EWH 2017
409	15	C. elegans	Dauer	C. elegans Dauer	EWH 2017
496	17	C. elegans	Dauer	C. elegans Dauer	EWH 2017
442	16	C. elegans	Dauer	C. elegans Dauer	EWH 2017
461	16	C. elegans	Dauer	C. elegans Dauer	EWH 2017
513	17	C. elegans	Dauer	C. elegans Dauer	EWH 2017
439	19	C. elegans	Dauer	C. elegans Dauer	EWH 2017
549	20	C. elegans	Dauer	C. elegans Dauer	EWH 2017
429	15	C. elegans	Dauer	C. elegans Dauer	EWH 2017
398	13	C. elegans	Dauer	C. elegans Dauer	EWH 2017
482	23	C. elegans	Dauer	C. elegans Dauer	EWH 2017
491	15	C. elegans	Dauer	C. elegans Dauer	EWH 2017
576	19	C. elegans	Dauer	C. elegans Dauer	EWH 2017
379	9	C. elegans	Dauer	C. elegans Dauer	EWH 2017
481	16	C. elegans	Dauer	C. elegans Dauer	EWH 2017
433	15	C. elegans	Dauer	C. elegans Dauer	EWH 2017
394	14	C. elegans	Dauer	C. elegans Dauer	EWH 2017
493	16	C. elegans	Dauer	C. elegans Dauer	EWH 2017
421	18	C. elegans	Dauer	C. elegans Dauer	EWH 2017
369	16	C. elegans	Dauer	C. elegans Dauer	EWH 2017
384	16	C. elegans	Dauer	C. elegans Dauer	EWH 2017
413	21	C. elegans	Dauer	C. elegans Dauer	EWH 2017
490	23	C. elegans	Dauer	C. elegans Dauer	EWH 2017
426	15	C. elegans	Dauer	C. elegans Dauer	EWH 2017
662	22	C. elegans	Dauer	C. elegans Dauer	EWH 2017
385	10	C. elegans	Dauer	C. elegans Dauer	EWH 2017
503	12	C. elegans	Dauer	C. elegans Dauer	EWH 2017
391	16	C. elegans	Dauer	C. elegans Dauer	EWH 2017
394	17	C. elegans	Dauer	C. elegans Dauer	EWH 2017
410	22	C. elegans	Dauer	C. elegans Dauer	EWH 2017
465	18	C. elegans	Dauer	C. elegans Dauer	EWH 2017
527	20	C. elegans	Dauer	C. elegans Dauer	EWH 2017
385	20	C. elegans	Dauer	C. elegans Dauer	EWH 2017
413	23	C. elegans	Dauer	C. elegans Dauer	EWH 2017
457	16	C. elegans	Dauer	C. elegans Dauer	EWH 2017
431	14	C. elegans	Dauer	C. elegans Dauer	EWH 2017
434	15	C. elegans	Dauer	C. elegans Dauer	EWH 2017
471	16	C. elegans	Dauer	C. elegans Dauer	EWH 2017
411	17	C. elegans	Dauer	C. elegans Dauer	EWH 2017
422	16	C. elegans	Dauer	C. elegans Dauer	EWH 2017
499	14	C. elegans	Dauer	C. elegans Dauer	EWH 2017
519	17	C. elegans	Dauer	C. elegans Dauer	EWH 2017
426	15	C. elegans	Dauer	C. elegans Dauer	EWH 2017
473	16	C. elegans	Dauer	C. elegans Dauer	EWH 2017
520	19	C. elegans	Dauer	C. elegans Dauer	EWH 2017
394	10	C. elegans	Dauer	C. elegans Dauer	EWH 2017
496	21	C. elegans	Dauer	C. elegans Dauer	EWH 2017
578	21	C. elegans	Dauer	C. elegans Dauer	EWH 2017
510	17	C. elegans	Dauer	C. elegans Dauer	EWH 2017
439	18	C. elegans	Dauer	C. elegans Dauer	EWH 2017
386	14	C. elegans	Dauer	C. elegans Dauer	EWH 2017
557	21	C. elegans	Dauer	C. elegans Dauer	EWH 2017
421	16	C. elegans	Dauer	C. elegans Dauer	EWH 2017
438	20	C. elegans	Dauer	C. elegans Dauer	EWH 2017
391	12	C. elegans	Dauer	C. elegans Dauer	EWH 2017
333	17	C. elegans	Dauer	C. elegans Dauer	EWH 2017
492	14	C. elegans	Dauer	C. elegans Dauer	EWH 2017
498	24	C. elegans	Dauer	C. elegans Dauer	EWH 2017
355	17	C. elegans	Dauer	C. elegans Dauer	EWH 2017
488	22	C. elegans	Dauer	C. elegans Dauer	EWH 2017
661	28	C. elegans	Dauer	C. elegans Dauer	EWH 2017
354	18	C. elegans	Dauer	C. elegans Dauer	EWH 2017
353	16	C. elegans	Dauer	C. elegans Dauer	EWH 2017
432	16	C. elegans	Dauer	C. elegans Dauer	EWH 2017
592	21	C. elegans	Dauer	C. elegans Dauer	EWH 2017
498	16	C. elegans	Dauer	C. elegans Dauer	EWH 2017
405	19	C. elegans	Dauer	C. elegans Dauer	EWH 2017
417	23	C. elegans	Dauer	C. elegans Dauer	EWH 2017
415	15	C. elegans	Dauer	C. elegans Dauer	EWH 2017
445	19	C. elegans	Dauer	C. elegans Dauer	EWH 2017
540	17	C. elegans	Dauer	C. elegans Dauer	EWH 2017
399	17	C. elegans	Dauer	C. elegans Dauer	EWH 2017
377	17	C. elegans	Dauer	C. elegans Dauer	EWH 2017
374	15	C. elegans	Dauer	C. elegans Dauer	EWH 2017
394	13	C. elegans	Dauer	C. elegans Dauer	EWH 2017
386	17	C. elegans	Dauer	C. elegans Dauer	EWH 2017
391	23	C. elegans	Dauer	C. elegans Dauer	EWH 2017
444	17	C. elegans	Dauer	C. elegans Dauer	EWH 2017
444	17	C. elegans	Dauer	C. elegans Dauer	EWH 2017
373	13	C. elegans	Dauer	C. elegans Dauer	EWH 2017
441	20	C. elegans	Dauer	C. elegans Dauer	EWH 2017
431	18	C. elegans	Dauer	C. elegans Dauer	EWH 2017
491	19	C. elegans	Dauer	C. elegans Dauer	EWH 2017
556	26	C. elegans	Dauer	C. elegans Dauer	EWH 2017
396	23	C. elegans	Dauer	C. elegans Dauer	EWH 2017
462	15	C. elegans	Dauer	C. elegans Dauer	EWH 2017
406	18	C. elegans	Dauer	C. elegans Dauer	EWH 2017
509	14	C. elegans	Dauer	C. elegans Dauer	EWH 2017
460	15	C. elegans	Dauer	C. elegans Dauer	EWH 2017
471	18	C. elegans	Dauer	C. elegans Dauer	EWH 2017
441	18	C. elegans	Dauer	C. elegans Dauer	EWH 2017
516	21	C. elegans	Dauer	C. elegans Dauer	EWH 2017
396	21	C. elegans	Dauer	C. elegans Dauer	EWH 2017
566	21	C. elegans	Dauer	C. elegans Dauer	EWH 2017
444	17	C. elegans	Dauer	C. elegans Dauer	EWH 2017
532	24	C. elegans	Dauer	C. elegans Dauer	EWH 2017
448	19	C. elegans	Dauer	C. elegans Dauer	EWH 2017
493	19	C. elegans	Dauer	C. elegans Dauer	EWH 2017
379	21	C. elegans	Dauer	C. elegans Dauer	EWH 2017
565	20	C. elegans	Dauer	C. elegans Dauer	EWH 2017
391	23	C. elegans	Dauer	C. elegans Dauer	EWH 2017
461	16	C. elegans	Dauer	C. elegans Dauer	EWH 2017
447	18	C. inopinata	L2	C. inopinata L2	GCW Evol. Lett. 2018
390	21	C. inopinata	L2	C. inopinata L2	GCW Evol. Lett. 2018
479	23	C. inopinata	L2	C. inopinata L2	GCW Evol. Lett. 2018
328	17	C. inopinata	L2	C. inopinata L2	GCW Evol. Lett. 2018
464	25	C. inopinata	L2	C. inopinata L2	GCW Evol. Lett. 2018
545	30	C. inopinata	L2	C. inopinata L2	GCW Evol. Lett. 2018
460	20	C. inopinata	L2	C. inopinata L2	GCW Evol. Lett. 2018
479	25	C. inopinata	L2	C. inopinata L2	GCW Evol. Lett. 2018
384	18	C. inopinata	L2	C. inopinata L2	GCW Evol. Lett. 2018
552	29	C. inopinata	L2	C. inopinata L2	GCW Evol. Lett. 2018
546	35	C. inopinata	L2	C. inopinata L2	GCW Evol. Lett. 2018
488	22	C. inopinata	L2	C. inopinata L2	GCW Evol. Lett. 2018
509	26	C. inopinata	L2	C. inopinata L2	GCW Evol. Lett. 2018
399	19	C. inopinata	L2	C. inopinata L2	GCW Evol. Lett. 2018
376	20	C. inopinata	L2	C. inopinata L2	GCW Evol. Lett. 2018
361	20	C. inopinata	L2	C. inopinata L2	GCW Evol. Lett. 2018
446	22	C. inopinata	L2	C. inopinata L2	GCW Evol. Lett. 2018
364	21	C. inopinata	L2	C. inopinata L2	GCW Evol. Lett. 2018
364	18	C. inopinata	L2	C. inopinata L2	GCW Evol. Lett. 2018
370	18	C. inopinata	L2	C. inopinata L2	GCW Evol. Lett. 2018
466	27	C. inopinata	L2	C. inopinata L2	GCW Evol. Lett. 2018
416	24	C. inopinata	L2	C. inopinata L2	GCW Evol. Lett. 2018
512	22	C. inopinata	L3	C. inopinata L3	GCW Evol. Lett. 2018
585	31	C. inopinata	L3	C. inopinata L3	GCW Evol. Lett. 2018
754	37	C. inopinata	L3	C. inopinata L3	GCW Evol. Lett. 2018
794	39	C. inopinata	L3	C. inopinata L3	GCW Evol. Lett. 2018
588	32	C. inopinata	L3	C. inopinata L3	GCW Evol. Lett. 2018
740	36	C. inopinata	L3	C. inopinata L3	GCW Evol. Lett. 2018
787	33	C. inopinata	L3	C. inopinata L3	GCW Evol. Lett. 2018
679	31	C. inopinata	L3	C. inopinata L3	GCW Evol. Lett. 2018
722	42	C. inopinata	L3	C. inopinata L3	GCW Evol. Lett. 2018
663	33	C. inopinata	L3	C. inopinata L3	GCW Evol. Lett. 2018
849	39	C. inopinata	L3	C. inopinata L3	GCW Evol. Lett. 2018
748	38	C. inopinata	L3	C. inopinata L3	GCW Evol. Lett. 2018
568	27	C. inopinata	L3	C. inopinata L3	GCW Evol. Lett. 2018
572	27	C. inopinata	L3	C. inopinata L3	GCW Evol. Lett. 2018
568	30	C. inopinata	L3	C. inopinata L3	GCW Evol. Lett. 2018
721	29	C. inopinata	L3	C. inopinata L3	GCW Evol. Lett. 2018
549	38	C. inopinata	L3	C. inopinata L3	GCW Evol. Lett. 2018
574	32	C. inopinata	L3	C. inopinata L3	GCW Evol. Lett. 2018
538	28	C. inopinata	L3	C. inopinata L3	GCW Evol. Lett. 2018
748	28	C. inopinata	L3	C. inopinata L3	GCW Evol. Lett. 2018
860	40	C. inopinata	L3	C. inopinata L3	GCW Evol. Lett. 2018
733	42	C. inopinata	L3	C. inopinata L3	GCW Evol. Lett. 2018
790	35	C. inopinata	L3	C. inopinata L3	GCW Evol. Lett. 2018
698	31	C. inopinata	L3	C. inopinata L3	GCW Evol. Lett. 2018
781	37	C. inopinata	L3	C. inopinata L3	GCW Evol. Lett. 2018
568	25	C. inopinata	L3	C. inopinata L3	GCW Evol. Lett. 2018
800	44	C. inopinata	L3	C. inopinata L3	GCW Evol. Lett. 2018
594	31	C. inopinata	L3	C. inopinata L3	GCW Evol. Lett. 2018
797	38	C. inopinata	L3	C. inopinata L3	GCW Evol. Lett. 2018
752	37	C. inopinata	L3	C. inopinata L3	GCW Evol. Lett. 2018
839	40	C. inopinata	L3	C. inopinata L3	GCW Evol. Lett. 2018
723	32	C. inopinata	L3	C. inopinata L3	GCW Evol. Lett. 2018
812	40	C. inopinata	L3	C. inopinata L3	GCW Evol. Lett. 2018
558	31	C. inopinata	L3	C. inopinata L3	GCW Evol. Lett. 2018
648	32	C. inopinata	L3	C. inopinata L3	GCW Evol. Lett. 2018
694	32	C. inopinata	L3	C. inopinata L3	GCW Evol. Lett. 2018
549	28	C. inopinata	L3	C. inopinata L3	GCW Evol. Lett. 2018
816	38	C. inopinata	L3	C. inopinata L3	GCW Evol. Lett. 2018
590	32	C. inopinata	L3	C. inopinata L3	GCW Evol. Lett. 2018
685	33	C. inopinata	L3	C. inopinata L3	GCW Evol. Lett. 2018
1701	66	C. inopinata	Gravid adult	C. inopinata Gravid adult	GCW Evol. Lett. 2018
1619	62	C. inopinata	Gravid adult	C. inopinata Gravid adult	GCW Evol. Lett. 2018
1704	74	C. inopinata	Gravid adult	C. inopinata Gravid adult	GCW Evol. Lett. 2018
1751	59	C. inopinata	Gravid adult	C. inopinata Gravid adult	GCW Evol. Lett. 2018
1586	64	C. inopinata	Gravid adult	C. inopinata Gravid adult	GCW Evol. Lett. 2018
1770	64	C. inopinata	Gravid adult	C. inopinata Gravid adult	GCW Evol. Lett. 2018
1498	63	C. inopinata	Gravid adult	C. inopinata Gravid adult	GCW Evol. Lett. 2018
1821	65	C. inopinata	Gravid adult	C. inopinata Gravid adult	GCW Evol. Lett. 2018
1542	73	C. inopinata	Gravid adult	C. inopinata Gravid adult	GCW Evol. Lett. 2018
1763	65	C. inopinata	Gravid adult	C. inopinata Gravid adult	GCW Evol. Lett. 2018
1745	70	C. inopinata	Gravid adult	C. inopinata Gravid adult	GCW Evol. Lett. 2018
1512	77	C. inopinata	Gravid adult	C. inopinata Gravid adult	GCW Evol. Lett. 2018
1480	72	C. inopinata	Gravid adult	C. inopinata Gravid adult	GCW Evol. Lett. 2018
1624	70	C. inopinata	Gravid adult	C. inopinata Gravid adult	GCW Evol. Lett. 2018
1438	88	C. inopinata	Gravid adult	C. inopinata Gravid adult	GCW Evol. Lett. 2018
1537	61	C. inopinata	Gravid adult	C. inopinata Gravid adult	GCW Evol. Lett. 2018
1553	75	C. inopinata	Gravid adult	C. inopinata Gravid adult	GCW Evol. Lett. 2018
1596	78	C. inopinata	Gravid adult	C. inopinata Gravid adult	GCW Evol. Lett. 2018
1491	69	C. inopinata	Gravid adult	C. inopinata Gravid adult	GCW Evol. Lett. 2018
1596	72	C. inopinata	Gravid adult	C. inopinata Gravid adult	GCW Evol. Lett. 2018
1797	61	C. inopinata	Gravid adult	C. inopinata Gravid adult	GCW Evol. Lett. 2018
1634	72	C. inopinata	Gravid adult	C. inopinata Gravid adult	GCW Evol. Lett. 2018
1503	76	C. inopinata	Gravid adult	C. inopinata Gravid adult	GCW Evol. Lett. 2018
1569	68	C. inopinata	Gravid adult	C. inopinata Gravid adult	GCW Evol. Lett. 2018
1685	74	C. inopinata	Gravid adult	C. inopinata Gravid adult	GCW Evol. Lett. 2018
1319	63	C. inopinata	Gravid adult	C. inopinata Gravid adult	GCW Evol. Lett. 2018
1661	73	C. inopinata	Gravid adult	C. inopinata Gravid adult	GCW Evol. Lett. 2018
1505	73	C. inopinata	Gravid adult	C. inopinata Gravid adult	GCW Evol. Lett. 2018
1674	66	C. inopinata	Gravid adult	C. inopinata Gravid adult	GCW Evol. Lett. 2018
1536	71	C. inopinata	Gravid adult	C. inopinata Gravid adult	GCW Evol. Lett. 2018
1487	70	C. inopinata	Gravid adult	C. inopinata Gravid adult	GCW Evol. Lett. 2018
1768	67	C. inopinata	Gravid adult	C. inopinata Gravid adult	GCW Evol. Lett. 2018
1282	39	C. inopinata	Young adult	C. inopinata Young adult	GCW Evol. Lett. 2018
1474	52	C. inopinata	Young adult	C. inopinata Young adult	GCW Evol. Lett. 2018
1218	54	C. inopinata	Young adult	C. inopinata Young adult	GCW Evol. Lett. 2018
1334	57	C. inopinata	Young adult	C. inopinata Young adult	GCW Evol. Lett. 2018
1257	49	C. inopinata	Young adult	C. inopinata Young adult	GCW Evol. Lett. 2018
1127	46	C. inopinata	Young adult	C. inopinata Young adult	GCW Evol. Lett. 2018
1212	52	C. inopinata	Young adult	C. inopinata Young adult	GCW Evol. Lett. 2018
1321	50	C. inopinata	Young adult	C. inopinata Young adult	GCW Evol. Lett. 2018
1410	55	C. inopinata	Young adult	C. inopinata Young adult	GCW Evol. Lett. 2018
1296	49	C. inopinata	Young adult	C. inopinata Young adult	GCW Evol. Lett. 2018
1490	65	C. inopinata	Young adult	C. inopinata Young adult	GCW Evol. Lett. 2018
1419	65	C. inopinata	Young adult	C. inopinata Young adult	GCW Evol. Lett. 2018
1582	62	C. inopinata	Young adult	C. inopinata Young adult	GCW Evol. Lett. 2018
1510	54	C. inopinata	Young adult	C. inopinata Young adult	GCW Evol. Lett. 2018
1432	60	C. inopinata	Young adult	C. inopinata Young adult	GCW Evol. Lett. 2018
1450	67	C. inopinata	Young adult	C. inopinata Young adult	GCW Evol. Lett. 2018
324	14	C. inopinata	L1	C. inopinata L1	GCW Evol. Lett. 2018
306	16	C. inopinata	L1	C. inopinata L1	GCW Evol. Lett. 2018
339	18	C. inopinata	L1	C. inopinata L1	GCW Evol. Lett. 2018
266	16	C. inopinata	L1	C. inopinata L1	GCW Evol. Lett. 2018
312	16	C. inopinata	L1	C. inopinata L1	GCW Evol. Lett. 2018
322	16	C. inopinata	L1	C. inopinata L1	GCW Evol. Lett. 2018
345	19	C. inopinata	L1	C. inopinata L1	GCW Evol. Lett. 2018
332	16	C. inopinata	L1	C. inopinata L1	GCW Evol. Lett. 2018
336	17	C. inopinata	L1	C. inopinata L1	GCW Evol. Lett. 2018
327	19	C. inopinata	L1	C. inopinata L1	GCW Evol. Lett. 2018
291	17	C. inopinata	L1	C. inopinata L1	GCW Evol. Lett. 2018
319	17	C. inopinata	L1	C. inopinata L1	GCW Evol. Lett. 2018
311	14	C. inopinata	L1	C. inopinata L1	GCW Evol. Lett. 2018
308	14	C. inopinata	L1	C. inopinata L1	GCW Evol. Lett. 2018
317	17	C. inopinata	L1	C. inopinata L1	GCW Evol. Lett. 2018
311	17	C. inopinata	L1	C. inopinata L1	GCW Evol. Lett. 2018
336	18	C. inopinata	L1	C. inopinata L1	GCW Evol. Lett. 2018
338	16	C. inopinata	L1	C. inopinata L1	GCW Evol. Lett. 2018
331	20	C. inopinata	L1	C. inopinata L1	GCW Evol. Lett. 2018
336	18	C. inopinata	L1	C. inopinata L1	GCW Evol. Lett. 2018
223	11	C. elegans	L1	C. elegans L1	GCW Evol. Lett. 2018
239	14	C. elegans	L1	C. elegans L1	GCW Evol. Lett. 2018
245	15	C. elegans	L1	C. elegans L1	GCW Evol. Lett. 2018
238	12	C. elegans	L1	C. elegans L1	GCW Evol. Lett. 2018
254	14	C. elegans	L1	C. elegans L1	GCW Evol. Lett. 2018
209	14	C. elegans	L1	C. elegans L1	GCW Evol. Lett. 2018
232	18	C. elegans	L1	C. elegans L1	GCW Evol. Lett. 2018
232	16	C. elegans	L1	C. elegans L1	GCW Evol. Lett. 2018
219	16	C. elegans	L1	C. elegans L1	GCW Evol. Lett. 2018
266	15	C. elegans	L1	C. elegans L1	GCW Evol. Lett. 2018
228	16	C. elegans	L1	C. elegans L1	GCW Evol. Lett. 2018
218	17	C. elegans	L1	C. elegans L1	GCW Evol. Lett. 2018
221	14	C. elegans	L1	C. elegans L1	GCW Evol. Lett. 2018
264	12	C. elegans	L1	C. elegans L1	GCW Evol. Lett. 2018
220	14	C. elegans	L1	C. elegans L1	GCW Evol. Lett. 2018
245	15	C. elegans	L1	C. elegans L1	GCW Evol. Lett. 2018
251	16	C. elegans	L1	C. elegans L1	GCW Evol. Lett. 2018
254	14	C. elegans	L1	C. elegans L1	GCW Evol. Lett. 2018
251	16	C. elegans	L1	C. elegans L1	GCW Evol. Lett. 2018
216	17	C. elegans	L1	C. elegans L1	GCW Evol. Lett. 2018
218	14	C. elegans	L1	C. elegans L1	GCW Evol. Lett. 2018
256	14	C. elegans	L1	C. elegans L1	GCW Evol. Lett. 2018
283	16	C. elegans	L1	C. elegans L1	GCW Evol. Lett. 2018
229	21	C. elegans	L1	C. elegans L1	GCW Evol. Lett. 2018
252	16	C. elegans	L1	C. elegans L1	GCW Evol. Lett. 2018
272	16	C. elegans	L1	C. elegans L1	GCW Evol. Lett. 2018
201	19	C. elegans	L1	C. elegans L1	GCW Evol. Lett. 2018
276	14	C. elegans	L1	C. elegans L1	GCW Evol. Lett. 2018
281	16	C. elegans	L1	C. elegans L1	GCW Evol. Lett. 2018
286	18	C. elegans	L1	C. elegans L1	GCW Evol. Lett. 2018
280	17	C. elegans	L1	C. elegans L1	GCW Evol. Lett. 2018
247	16	C. elegans	L1	C. elegans L1	GCW Evol. Lett. 2018
270	18	C. elegans	L1	C. elegans L1	GCW Evol. Lett. 2018
238	18	C. elegans	L1	C. elegans L1	GCW Evol. Lett. 2018
244	16	C. elegans	L1	C. elegans L1	GCW Evol. Lett. 2018
314	15	C. elegans	L1	C. elegans L1	GCW Evol. Lett. 2018
254	16	C. elegans	L1	C. elegans L1	GCW Evol. Lett. 2018
280	15	C. elegans	L1	C. elegans L1	GCW Evol. Lett. 2018
250	17	C. elegans	L1	C. elegans L1	GCW Evol. Lett. 2018
256	16	C. elegans	L1	C. elegans L1	GCW Evol. Lett. 2018
376	22	C. elegans	L2	C. elegans L2	GCW Evol. Lett. 2018
376	20	C. elegans	L2	C. elegans L2	GCW Evol. Lett. 2018
342	23	C. elegans	L2	C. elegans L2	GCW Evol. Lett. 2018
384	22	C. elegans	L2	C. elegans L2	GCW Evol. Lett. 2018
387	22	C. elegans	L2	C. elegans L2	GCW Evol. Lett. 2018
376	24	C. elegans	L2	C. elegans L2	GCW Evol. Lett. 2018
472	24	C. elegans	L2	C. elegans L2	GCW Evol. Lett. 2018
387	24	C. elegans	L2	C. elegans L2	GCW Evol. Lett. 2018
360	20	C. elegans	L2	C. elegans L2	GCW Evol. Lett. 2018
484	23	C. elegans	L2	C. elegans L2	GCW Evol. Lett. 2018
356	22	C. elegans	L2	C. elegans L2	GCW Evol. Lett. 2018
341	24	C. elegans	L2	C. elegans L2	GCW Evol. Lett. 2018
369	24	C. elegans	L2	C. elegans L2	GCW Evol. Lett. 2018
483	25	C. elegans	L2	C. elegans L2	GCW Evol. Lett. 2018
455	26	C. elegans	L2	C. elegans L2	GCW Evol. Lett. 2018
426	24	C. elegans	L2	C. elegans L2	GCW Evol. Lett. 2018
358	26	C. elegans	L2	C. elegans L2	GCW Evol. Lett. 2018
403	24	C. elegans	L2	C. elegans L2	GCW Evol. Lett. 2018
368	28	C. elegans	L2	C. elegans L2	GCW Evol. Lett. 2018
379	25	C. elegans	L2	C. elegans L2	GCW Evol. Lett. 2018
377	24	C. elegans	L2	C. elegans L2	GCW Evol. Lett. 2018
427	23	C. elegans	L2	C. elegans L2	GCW Evol. Lett. 2018
336	20	C. elegans	L2	C. elegans L2	GCW Evol. Lett. 2018
398	26	C. elegans	L2	C. elegans L2	GCW Evol. Lett. 2018
378	22	C. elegans	L2	C. elegans L2	GCW Evol. Lett. 2018
404	21	C. elegans	L2	C. elegans L2	GCW Evol. Lett. 2018
370	22	C. elegans	L2	C. elegans L2	GCW Evol. Lett. 2018
382	20	C. elegans	L2	C. elegans L2	GCW Evol. Lett. 2018
428	23	C. elegans	L2	C. elegans L2	GCW Evol. Lett. 2018
388	27	C. elegans	L2	C. elegans L2	GCW Evol. Lett. 2018
354	24	C. elegans	L2	C. elegans L2	GCW Evol. Lett. 2018
347	22	C. elegans	L2	C. elegans L2	GCW Evol. Lett. 2018
349	21	C. elegans	L2	C. elegans L2	GCW Evol. Lett. 2018
377	25	C. elegans	L2	C. elegans L2	GCW Evol. Lett. 2018
322	24	C. elegans	L2	C. elegans L2	GCW Evol. Lett. 2018
365	24	C. elegans	L2	C. elegans L2	GCW Evol. Lett. 2018
330	18	C. elegans	L2	C. elegans L2	GCW Evol. Lett. 2018
400	25	C. elegans	L2	C. elegans L2	GCW Evol. Lett. 2018
406	23	C. elegans	L2	C. elegans L2	GCW Evol. Lett. 2018
352	23	C. elegans	L2	C. elegans L2	GCW Evol. Lett. 2018
535	33	C. elegans	L3	C. elegans L3	GCW Evol. Lett. 2018
512	33	C. elegans	L3	C. elegans L3	GCW Evol. Lett. 2018
506	32	C. elegans	L3	C. elegans L3	GCW Evol. Lett. 2018
488	28	C. elegans	L3	C. elegans L3	GCW Evol. Lett. 2018
525	31	C. elegans	L3	C. elegans L3	GCW Evol. Lett. 2018
522	32	C. elegans	L3	C. elegans L3	GCW Evol. Lett. 2018
510	28	C. elegans	L3	C. elegans L3	GCW Evol. Lett. 2018
642	39	C. elegans	L3	C. elegans L3	GCW Evol. Lett. 2018
497	32	C. elegans	L3	C. elegans L3	GCW Evol. Lett. 2018
503	31	C. elegans	L3	C. elegans L3	GCW Evol. Lett. 2018
550	33	C. elegans	L3	C. elegans L3	GCW Evol. Lett. 2018
551	32	C. elegans	L3	C. elegans L3	GCW Evol. Lett. 2018
578	31	C. elegans	L3	C. elegans L3	GCW Evol. Lett. 2018
455	28	C. elegans	L3	C. elegans L3	GCW Evol. Lett. 2018
538	32	C. elegans	L3	C. elegans L3	GCW Evol. Lett. 2018
539	32	C. elegans	L3	C. elegans L3	GCW Evol. Lett. 2018
403	28	C. elegans	L3	C. elegans L3	GCW Evol. Lett. 2018
539	32	C. elegans	L3	C. elegans L3	GCW Evol. Lett. 2018
403	28	C. elegans	L3	C. elegans L3	GCW Evol. Lett. 2018
533	28	C. elegans	L3	C. elegans L3	GCW Evol. Lett. 2018
522	28	C. elegans	L3	C. elegans L3	GCW Evol. Lett. 2018
495	29	C. elegans	L3	C. elegans L3	GCW Evol. Lett. 2018
505	28	C. elegans	L3	C. elegans L3	GCW Evol. Lett. 2018
458	31	C. elegans	L3	C. elegans L3	GCW Evol. Lett. 2018
481	34	C. elegans	L3	C. elegans L3	GCW Evol. Lett. 2018
490	30	C. elegans	L3	C. elegans L3	GCW Evol. Lett. 2018
550	29	C. elegans	L3	C. elegans L3	GCW Evol. Lett. 2018
518	32	C. elegans	L3	C. elegans L3	GCW Evol. Lett. 2018
526	30	C. elegans	L3	C. elegans L3	GCW Evol. Lett. 2018
516	28	C. elegans	L3	C. elegans L3	GCW Evol. Lett. 2018
508	33	C. elegans	L3	C. elegans L3	GCW Evol. Lett. 2018
639	39	C. elegans	L3	C. elegans L3	GCW Evol. Lett. 2018
507	31	C. elegans	L3	C. elegans L3	GCW Evol. Lett. 2018
530	34	C. elegans	L3	C. elegans L3	GCW Evol. Lett. 2018
544	29	C. elegans	L3	C. elegans L3	GCW Evol. Lett. 2018
526	29	C. elegans	L3	C. elegans L3	GCW Evol. Lett. 2018
722	48	C. elegans	L4	C. elegans L4	GCW Evol. Lett. 2018
714	45	C. elegans	L4	C. elegans L4	GCW Evol. Lett. 2018
743	50	C. elegans	L4	C. elegans L4	GCW Evol. Lett. 2018
737	53	C. elegans	L4	C. elegans L4	GCW Evol. Lett. 2018
809	44	C. elegans	L4	C. elegans L4	GCW Evol. Lett. 2018
763	48	C. elegans	L4	C. elegans L4	GCW Evol. Lett. 2018
751	44	C. elegans	L4	C. elegans L4	GCW Evol. Lett. 2018
738	42	C. elegans	L4	C. elegans L4	GCW Evol. Lett. 2018
749	47	C. elegans	L4	C. elegans L4	GCW Evol. Lett. 2018
755	40	C. elegans	L4	C. elegans L4	GCW Evol. Lett. 2018
748	47	C. elegans	L4	C. elegans L4	GCW Evol. Lett. 2018
737	49	C. elegans	L4	C. elegans L4	GCW Evol. Lett. 2018
794	51	C. elegans	L4	C. elegans L4	GCW Evol. Lett. 2018
753	47	C. elegans	L4	C. elegans L4	GCW Evol. Lett. 2018
808	50	C. elegans	L4	C. elegans L4	GCW Evol. Lett. 2018
807	48	C. elegans	L4	C. elegans L4	GCW Evol. Lett. 2018
778	45	C. elegans	L4	C. elegans L4	GCW Evol. Lett. 2018
726	47	C. elegans	L4	C. elegans L4	GCW Evol. Lett. 2018
870	50	C. elegans	L4	C. elegans L4	GCW Evol. Lett. 2018
690	45	C. elegans	L4	C. elegans L4	GCW Evol. Lett. 2018
674	38	C. elegans	L4	C. elegans L4	GCW Evol. Lett. 2018
689	37	C. elegans	L4	C. elegans L4	GCW Evol. Lett. 2018
764	43	C. elegans	L4	C. elegans L4	GCW Evol. Lett. 2018
774	38	C. elegans	L4	C. elegans L4	GCW Evol. Lett. 2018
706	41	C. elegans	L4	C. elegans L4	GCW Evol. Lett. 2018
790	46	C. elegans	L4	C. elegans L4	GCW Evol. Lett. 2018
751	42	C. elegans	L4	C. elegans L4	GCW Evol. Lett. 2018
678	40	C. elegans	L4	C. elegans L4	GCW Evol. Lett. 2018
838	50	C. elegans	L4	C. elegans L4	GCW Evol. Lett. 2018
767	56	C. elegans	L4	C. elegans L4	GCW Evol. Lett. 2018
712	38	C. elegans	L4	C. elegans L4	GCW Evol. Lett. 2018
806	43	C. elegans	L4	C. elegans L4	GCW Evol. Lett. 2018
748	42	C. elegans	L4	C. elegans L4	GCW Evol. Lett. 2018
708	42	C. elegans	L4	C. elegans L4	GCW Evol. Lett. 2018
779	40	C. elegans	L4	C. elegans L4	GCW Evol. Lett. 2018
632	38	C. elegans	L4	C. elegans L4	GCW Evol. Lett. 2018
691	39	C. elegans	L4	C. elegans L4	GCW Evol. Lett. 2018
764	37	C. elegans	L4	C. elegans L4	GCW Evol. Lett. 2018
767	43	C. elegans	L4	C. elegans L4	GCW Evol. Lett. 2018
707	44	C. elegans	L4	C. elegans L4	GCW Evol. Lett. 2018
736	45	C. elegans	L4	C. elegans L4	GCW Evol. Lett. 2018
713	52	C. elegans	Young adult	C. elegans Young adult	GCW Evol. Lett. 2018
860	51	C. elegans	Young adult	C. elegans Young adult	GCW Evol. Lett. 2018
894	58	C. elegans	Young adult	C. elegans Young adult	GCW Evol. Lett. 2018
833	52	C. elegans	Young adult	C. elegans Young adult	GCW Evol. Lett. 2018
771	39	C. elegans	Young adult	C. elegans Young adult	GCW Evol. Lett. 2018
686	37	C. elegans	Young adult	C. elegans Young adult	GCW Evol. Lett. 2018
810	58	C. elegans	Young adult	C. elegans Young adult	GCW Evol. Lett. 2018
818	51	C. elegans	Young adult	C. elegans Young adult	GCW Evol. Lett. 2018
940	58	C. elegans	Young adult	C. elegans Young adult	GCW Evol. Lett. 2018
767	44	C. elegans	Young adult	C. elegans Young adult	GCW Evol. Lett. 2018
855	44	C. elegans	Young adult	C. elegans Young adult	GCW Evol. Lett. 2018
879	43	C. elegans	Young adult	C. elegans Young adult	GCW Evol. Lett. 2018
719	46	C. elegans	Young adult	C. elegans Young adult	GCW Evol. Lett. 2018
815	54	C. elegans	Young adult	C. elegans Young adult	GCW Evol. Lett. 2018
818	50	C. elegans	Young adult	C. elegans Young adult	GCW Evol. Lett. 2018
824	65	C. elegans	Young adult	C. elegans Young adult	GCW Evol. Lett. 2018
844	54	C. elegans	Young adult	C. elegans Young adult	GCW Evol. Lett. 2018
1022	59	C. elegans	Young adult	C. elegans Young adult	GCW Evol. Lett. 2018
817	50	C. elegans	Young adult	C. elegans Young adult	GCW Evol. Lett. 2018
880	49	C. elegans	Young adult	C. elegans Young adult	GCW Evol. Lett. 2018
896	50	C. elegans	Young adult	C. elegans Young adult	GCW Evol. Lett. 2018
912	47	C. elegans	Young adult	C. elegans Young adult	GCW Evol. Lett. 2018
813	50	C. elegans	Young adult	C. elegans Young adult	GCW Evol. Lett. 2018
836	51	C. elegans	Young adult	C. elegans Young adult	GCW Evol. Lett. 2018
855	46	C. elegans	Young adult	C. elegans Young adult	GCW Evol. Lett. 2018
883	53	C. elegans	Young adult	C. elegans Young adult	GCW Evol. Lett. 2018
748	47	C. elegans	Young adult	C. elegans Young adult	GCW Evol. Lett. 2018
812	45	C. elegans	Young adult	C. elegans Young adult	GCW Evol. Lett. 2018
814	55	C. elegans	Young adult	C. elegans Young adult	GCW Evol. Lett. 2018
827	58	C. elegans	Young adult	C. elegans Young adult	GCW Evol. Lett. 2018
940	65	C. elegans	Gravid adult	C. elegans Gravid adult	GCW Evol. Lett. 2018
990	73	C. elegans	Gravid adult	C. elegans Gravid adult	GCW Evol. Lett. 2018
938	59	C. elegans	Gravid adult	C. elegans Gravid adult	GCW Evol. Lett. 2018
979	79	C. elegans	Gravid adult	C. elegans Gravid adult	GCW Evol. Lett. 2018
842	48	C. elegans	Gravid adult	C. elegans Gravid adult	GCW Evol. Lett. 2018
982	60	C. elegans	Gravid adult	C. elegans Gravid adult	GCW Evol. Lett. 2018
931	60	C. elegans	Gravid adult	C. elegans Gravid adult	GCW Evol. Lett. 2018
1037	70	C. elegans	Gravid adult	C. elegans Gravid adult	GCW Evol. Lett. 2018
1050	74	C. elegans	Gravid adult	C. elegans Gravid adult	GCW Evol. Lett. 2018
949	62	C. elegans	Gravid adult	C. elegans Gravid adult	GCW Evol. Lett. 2018
921	59	C. elegans	Gravid adult	C. elegans Gravid adult	GCW Evol. Lett. 2018
989	70	C. elegans	Gravid adult	C. elegans Gravid adult	GCW Evol. Lett. 2018
1143	74	C. elegans	Gravid adult	C. elegans Gravid adult	GCW Evol. Lett. 2018
966	82	C. elegans	Gravid adult	C. elegans Gravid adult	GCW Evol. Lett. 2018
1106	67	C. elegans	Gravid adult	C. elegans Gravid adult	GCW Evol. Lett. 2018
904	59	C. elegans	Gravid adult	C. elegans Gravid adult	GCW Evol. Lett. 2018
918	55	C. elegans	Gravid adult	C. elegans Gravid adult	GCW Evol. Lett. 2018
891	56	C. elegans	Gravid adult	C. elegans Gravid adult	GCW Evol. Lett. 2018
923	61	C. elegans	Gravid adult	C. elegans Gravid adult	GCW Evol. Lett. 2018
971	71	C. elegans	Gravid adult	C. elegans Gravid adult	GCW Evol. Lett. 2018
1084	73	C. elegans	Gravid adult	C. elegans Gravid adult	GCW Evol. Lett. 2018
1106	66	C. elegans	Gravid adult	C. elegans Gravid adult	GCW Evol. Lett. 2018
1079	74	C. elegans	Gravid adult	C. elegans Gravid adult	GCW Evol. Lett. 2018
951	70	C. elegans	Gravid adult	C. elegans Gravid adult	GCW Evol. Lett. 2018
918	59	C. elegans	Gravid adult	C. elegans Gravid adult	GCW Evol. Lett. 2018
1088	71	C. elegans	Gravid adult	C. elegans Gravid adult	GCW Evol. Lett. 2018
912	58	C. elegans	Gravid adult	C. elegans Gravid adult	GCW Evol. Lett. 2018
896	58	C. elegans	Gravid adult	C. elegans Gravid adult	GCW Evol. Lett. 2018
1045	70	C. elegans	Gravid adult	C. elegans Gravid adult	GCW Evol. Lett. 2018
1083	68	C. elegans	Gravid adult	C. elegans Gravid adult	GCW Evol. Lett. 2018
1057	75	C. elegans	Gravid adult	C. elegans Gravid adult	GCW Evol. Lett. 2018
861	58	C. elegans	Gravid adult	C. elegans Gravid adult	GCW Evol. Lett. 2018
920	52	C. elegans	Gravid adult	C. elegans Gravid adult	GCW Evol. Lett. 2018
942	70	C. elegans	Gravid adult	C. elegans Gravid adult	GCW Evol. Lett. 2018
958	60	C. elegans	Gravid adult	C. elegans Gravid adult	GCW Evol. Lett. 2018
896	61	C. elegans	Gravid adult	C. elegans Gravid adult	GCW Evol. Lett. 2018
1110	72	C. elegans	Gravid adult	C. elegans Gravid adult	GCW Evol. Lett. 2018
991	54	C. elegans	Gravid adult	C. elegans Gravid adult	GCW Evol. Lett. 2018
932	58	C. elegans	Gravid adult	C. elegans Gravid adult	GCW Evol. Lett. 2018
1064	73	C. elegans	Gravid adult	C. elegans Gravid adult	GCW Evol. Lett. 2018
879	46	C. inopinata	L4	C. inopinata L4	GCW Evol. Lett. 2018
1064	50	C. inopinata	L4	C. inopinata L4	GCW Evol. Lett. 2018
1047	44	C. inopinata	L4	C. inopinata L4	GCW Evol. Lett. 2018
852	49	C. inopinata	L4	C. inopinata L4	GCW Evol. Lett. 2018
1007	48	C. inopinata	L4	C. inopinata L4	GCW Evol. Lett. 2018
937	52	C. inopinata	L4	C. inopinata L4	GCW Evol. Lett. 2018
890	40	C. inopinata	L4	C. inopinata L4	GCW Evol. Lett. 2018
957	48	C. inopinata	L4	C. inopinata L4	GCW Evol. Lett. 2018
1042	48	C. inopinata	L4	C. inopinata L4	GCW Evol. Lett. 2018
992	48	C. inopinata	L4	C. inopinata L4	GCW Evol. Lett. 2018
975	48	C. inopinata	L4	C. inopinata L4	GCW Evol. Lett. 2018
877	40	C. inopinata	L4	C. inopinata L4	GCW Evol. Lett. 2018
960	42	C. inopinata	L4	C. inopinata L4	GCW Evol. Lett. 2018
964	42	C. inopinata	L4	C. inopinata L4	GCW Evol. Lett. 2018
994	45	C. inopinata	L4	C. inopinata L4	GCW Evol. Lett. 2018
759	33	C. inopinata	L4	C. inopinata L4	GCW Evol. Lett. 2018
897	38	C. inopinata	L4	C. inopinata L4	GCW Evol. Lett. 2018
993	50	C. inopinata	L4	C. inopinata L4	GCW Evol. Lett. 2018
873	44	C. inopinata	L4	C. inopinata L4	GCW Evol. Lett. 2018
923	50	C. inopinata	L4	C. inopinata L4	GCW Evol. Lett. 2018
964	43	C. inopinata	L4	C. inopinata L4	GCW Evol. Lett. 2018
1030	45	C. inopinata	L4	C. inopinata L4	GCW Evol. Lett. 2018
956	48	C. inopinata	L4	C. inopinata L4	GCW Evol. Lett. 2018
918	40	C. inopinata	L4	C. inopinata L4	GCW Evol. Lett. 2018
889	52	C. inopinata	L4	C. inopinata L4	GCW Evol. Lett. 2018
1008	44	C. inopinata	L4	C. inopinata L4	GCW Evol. Lett. 2018
1018	47	C. inopinata	L4	C. inopinata L4	GCW Evol. Lett. 2018
840	41	C. inopinata	L4	C. inopinata L4	GCW Evol. Lett. 2018
930	42	C. inopinata	L4	C. inopinata L4	GCW Evol. Lett. 2018
971	47	C. inopinata	L4	C. inopinata L4	GCW Evol. Lett. 2018
992	51	C. inopinata	L4	C. inopinata L4	GCW Evol. Lett. 2018
830	36	C. inopinata	L4	C. inopinata L4	GCW Evol. Lett. 2018
1038	51	C. inopinata	L4	C. inopinata L4	GCW Evol. Lett. 2018
444	24	C. briggsae	Dauer	C. briggsae Dauer	EWH 2017
380	17	C. briggsae	Dauer	C. briggsae Dauer	EWH 2017
461	15	C. briggsae	Dauer	C. briggsae Dauer	EWH 2017
461	13	C. briggsae	Dauer	C. briggsae Dauer	EWH 2017
441	17	C. briggsae	Dauer	C. briggsae Dauer	EWH 2017
416	18	C. briggsae	Dauer	C. briggsae Dauer	EWH 2017
409	16	C. briggsae	Dauer	C. briggsae Dauer	EWH 2017
459	17	C. briggsae	Dauer	C. briggsae Dauer	EWH 2017
422	17	C. briggsae	Dauer	C. briggsae Dauer	EWH 2017
460	19	C. briggsae	Dauer	C. briggsae Dauer	EWH 2017
345	16	C. briggsae	Dauer	C. briggsae Dauer	EWH 2017
520	17	C. briggsae	Dauer	C. briggsae Dauer	EWH 2017
472	17	C. briggsae	Dauer	C. briggsae Dauer	EWH 2017
484	16	C. briggsae	Dauer	C. briggsae Dauer	EWH 2017
415	13	C. briggsae	Dauer	C. briggsae Dauer	EWH 2017
437	12	C. briggsae	Dauer	C. briggsae Dauer	EWH 2017
408	12	C. briggsae	Dauer	C. briggsae Dauer	EWH 2017
512	15	C. briggsae	Dauer	C. briggsae Dauer	EWH 2017
448	18	C. briggsae	Dauer	C. briggsae Dauer	EWH 2017
425	15	C. briggsae	Dauer	C. briggsae Dauer	EWH 2017
481	20	C. briggsae	Dauer	C. briggsae Dauer	EWH 2017
399	14	C. briggsae	Dauer	C. briggsae Dauer	EWH 2017
319	17	C. briggsae	Dauer	C. briggsae Dauer	EWH 2017
423	17	C. briggsae	Dauer	C. briggsae Dauer	EWH 2017
529	14	C. briggsae	Dauer	C. briggsae Dauer	EWH 2017
420	15	C. briggsae	Dauer	C. briggsae Dauer	EWH 2017
416	13	C. briggsae	Dauer	C. briggsae Dauer	EWH 2017
448	12	C. briggsae	Dauer	C. briggsae Dauer	EWH 2017
398	12	C. briggsae	Dauer	C. briggsae Dauer	EWH 2017
495	20	C. briggsae	Dauer	C. briggsae Dauer	EWH 2017
493	23	C. briggsae	Dauer	C. briggsae Dauer	EWH 2017
457	18	C. briggsae	Dauer	C. briggsae Dauer	EWH 2017
480	19	C. briggsae	Dauer	C. briggsae Dauer	EWH 2017
415	18	C. briggsae	Dauer	C. briggsae Dauer	EWH 2017
433	19	C. briggsae	Dauer	C. briggsae Dauer	EWH 2017
445	24	C. briggsae	Dauer	C. briggsae Dauer	EWH 2017
437	22	C. briggsae	Dauer	C. briggsae Dauer	EWH 2017
428	15	C. briggsae	Dauer	C. briggsae Dauer	EWH 2017
405	17	C. briggsae	Dauer	C. briggsae Dauer	EWH 2017
471	24	C. briggsae	Dauer	C. briggsae Dauer	EWH 2017
419	17	C. briggsae	Dauer	C. briggsae Dauer	EWH 2017
439	19	C. briggsae	Dauer	C. briggsae Dauer	EWH 2017
505	18	C. briggsae	Dauer	C. briggsae Dauer	EWH 2017
448	18	C. briggsae	Dauer	C. briggsae Dauer	EWH 2017
400	16	C. briggsae	Dauer	C. briggsae Dauer	EWH 2017
488	21	C. briggsae	Dauer	C. briggsae Dauer	EWH 2017
454	19	C. briggsae	Dauer	C. briggsae Dauer	EWH 2017
434	19	C. briggsae	Dauer	C. briggsae Dauer	EWH 2017
555	17	C. briggsae	Dauer	C. briggsae Dauer	EWH 2017
495	18	C. briggsae	Dauer	C. briggsae Dauer	EWH 2017
429	18	C. briggsae	Dauer	C. briggsae Dauer	EWH 2017
474	21	C. briggsae	Dauer	C. briggsae Dauer	EWH 2017
464	17	C. briggsae	Dauer	C. briggsae Dauer	EWH 2017
484	21	C. briggsae	Dauer	C. briggsae Dauer	EWH 2017
396	16	C. briggsae	Dauer	C. briggsae Dauer	EWH 2017
392	15	C. briggsae	Dauer	C. briggsae Dauer	EWH 2017
480	18	C. briggsae	Dauer	C. briggsae Dauer	EWH 2017
456	20	C. briggsae	Dauer	C. briggsae Dauer	EWH 2017
474	16	C. briggsae	Dauer	C. briggsae Dauer	EWH 2017
468	20	C. briggsae	Dauer	C. briggsae Dauer	EWH 2017
496	26	C. briggsae	Dauer	C. briggsae Dauer	EWH 2017
443	18	C. briggsae	Dauer	C. briggsae Dauer	EWH 2017
427	17	C. briggsae	Dauer	C. briggsae Dauer	EWH 2017
492	23	C. briggsae	Dauer	C. briggsae Dauer	EWH 2017
463	18	C. briggsae	Dauer	C. briggsae Dauer	EWH 2017
466	19	C. briggsae	Dauer	C. briggsae Dauer	EWH 2017
452	20	C. briggsae	Dauer	C. briggsae Dauer	EWH 2017
462	19	C. briggsae	Dauer	C. briggsae Dauer	EWH 2017
488	18	C. briggsae	Dauer	C. briggsae Dauer	EWH 2017
531	23	C. briggsae	Dauer	C. briggsae Dauer	EWH 2017
346	16	C. briggsae	Dauer	C. briggsae Dauer	EWH 2017
418	13	C. briggsae	Dauer	C. briggsae Dauer	EWH 2017
452	12	C. briggsae	Dauer	C. briggsae Dauer	EWH 2017
535	20	C. briggsae	Dauer	C. briggsae Dauer	EWH 2017
574	17	C. briggsae	Dauer	C. briggsae Dauer	EWH 2017
463	14	C. briggsae	Dauer	C. briggsae Dauer	EWH 2017
362	13	C. briggsae	Dauer	C. briggsae Dauer	EWH 2017
428	15	C. briggsae	Dauer	C. briggsae Dauer	EWH 2017
481	14	C. briggsae	Dauer	C. briggsae Dauer	EWH 2017
441	13	C. briggsae	Dauer	C. briggsae Dauer	EWH 2017
449	16	C. briggsae	Dauer	C. briggsae Dauer	EWH 2017
485	20	C. briggsae	Dauer	C. briggsae Dauer	EWH 2017
469	17	C. briggsae	Dauer	C. briggsae Dauer	EWH 2017
432	12	C. briggsae	Dauer	C. briggsae Dauer	EWH 2017
476	23	C. briggsae	Dauer	C. briggsae Dauer	EWH 2017
533	18	C. tropicalis	Dauer	C. tropicalis Dauer	EWH 2017
493	19	C. tropicalis	Dauer	C. tropicalis Dauer	EWH 2017
524	14	C. tropicalis	Dauer	C. tropicalis Dauer	EWH 2017
533	21	C. tropicalis	Dauer	C. tropicalis Dauer	EWH 2017
533	18	C. tropicalis	Dauer	C. tropicalis Dauer	EWH 2017
493	19	C. tropicalis	Dauer	C. tropicalis Dauer	EWH 2017
524	14	C. tropicalis	Dauer	C. tropicalis Dauer	EWH 2017
533	21	C. tropicalis	Dauer	C. tropicalis Dauer	EWH 2017
340	13	C. tropicalis	Dauer	C. tropicalis Dauer	EWH 2017
489	18	C. tropicalis	Dauer	C. tropicalis Dauer	EWH 2017
473	18	C. tropicalis	Dauer	C. tropicalis Dauer	EWH 2017
538	21	C. tropicalis	Dauer	C. tropicalis Dauer	EWH 2017
502	22	C. tropicalis	Dauer	C. tropicalis Dauer	EWH 2017
538	16	C. tropicalis	Dauer	C. tropicalis Dauer	EWH 2017
422	20	C. tropicalis	Dauer	C. tropicalis Dauer	EWH 2017
425	17	C. tropicalis	Dauer	C. tropicalis Dauer	EWH 2017
476	20	C. tropicalis	Dauer	C. tropicalis Dauer	EWH 2017
461	18	C. tropicalis	Dauer	C. tropicalis Dauer	EWH 2017
551	23	C. tropicalis	Dauer	C. tropicalis Dauer	EWH 2017
503	19	C. tropicalis	Dauer	C. tropicalis Dauer	EWH 2017
441	14	C. tropicalis	Dauer	C. tropicalis Dauer	EWH 2017
443	18	C. tropicalis	Dauer	C. tropicalis Dauer	EWH 2017
550	23	C. tropicalis	Dauer	C. tropicalis Dauer	EWH 2017
473	12	C. tropicalis	Dauer	C. tropicalis Dauer	EWH 2017
583	14	C. tropicalis	Dauer	C. tropicalis Dauer	EWH 2017
451	13	C. tropicalis	Dauer	C. tropicalis Dauer	EWH 2017
458	20	C. tropicalis	Dauer	C. tropicalis Dauer	EWH 2017
540	31	C. tropicalis	Dauer	C. tropicalis Dauer	EWH 2017
491	18	C. tropicalis	Dauer	C. tropicalis Dauer	EWH 2017
583	27	C. tropicalis	Dauer	C. tropicalis Dauer	EWH 2017
481	16	C. tropicalis	Dauer	C. tropicalis Dauer	EWH 2017
495	14	C. tropicalis	Dauer	C. tropicalis Dauer	EWH 2017
534	17	C. tropicalis	Dauer	C. tropicalis Dauer	EWH 2017
461	18	C. tropicalis	Dauer	C. tropicalis Dauer	EWH 2017
502	17	C. tropicalis	Dauer	C. tropicalis Dauer	EWH 2017
498	13	C. tropicalis	Dauer	C. tropicalis Dauer	EWH 2017
445	18	C. tropicalis	Dauer	C. tropicalis Dauer	EWH 2017
531	23	C. tropicalis	Dauer	C. tropicalis Dauer	EWH 2017
457	15	C. tropicalis	Dauer	C. tropicalis Dauer	EWH 2017
530	21	C. tropicalis	Dauer	C. tropicalis Dauer	EWH 2017
589	23	C. tropicalis	Dauer	C. tropicalis Dauer	EWH 2017
449	18	C. tropicalis	Dauer	C. tropicalis Dauer	EWH 2017
604	21	C. tropicalis	Dauer	C. tropicalis Dauer	EWH 2017
541	21	C. tropicalis	Dauer	C. tropicalis Dauer	EWH 2017
483	19	C. tropicalis	Dauer	C. tropicalis Dauer	EWH 2017
424	16	C. tropicalis	Dauer	C. tropicalis Dauer	EWH 2017
520	16	C. tropicalis	Dauer	C. tropicalis Dauer	EWH 2017
496	16	C. tropicalis	Dauer	C. tropicalis Dauer	EWH 2017
476	19	C. tropicalis	Dauer	C. tropicalis Dauer	EWH 2017
550	19	C. tropicalis	Dauer	C. tropicalis Dauer	EWH 2017
554	18	C. tropicalis	Dauer	C. tropicalis Dauer	EWH 2017
507	22	C. tropicalis	Dauer	C. tropicalis Dauer	EWH 2017
562	19	C. tropicalis	Dauer	C. tropicalis Dauer	EWH 2017
522	23	C. tropicalis	Dauer	C. tropicalis Dauer	EWH 2017
472	22	C. tropicalis	Dauer	C. tropicalis Dauer	EWH 2017
427	13	C. tropicalis	Dauer	C. tropicalis Dauer	EWH 2017
432	17	C. tropicalis	Dauer	C. tropicalis Dauer	EWH 2017
494	18	C. tropicalis	Dauer	C. tropicalis Dauer	EWH 2017
452	18	C. tropicalis	Dauer	C. tropicalis Dauer	EWH 2017
417	19	C. tropicalis	Dauer	C. tropicalis Dauer	EWH 2017
504	18	C. tropicalis	Dauer	C. tropicalis Dauer	EWH 2017
457	15	C. tropicalis	Dauer	C. tropicalis Dauer	EWH 2017
455	20	C. tropicalis	Dauer	C. tropicalis Dauer	EWH 2017
467	18	C. tropicalis	Dauer	C. tropicalis Dauer	EWH 2017
594	19	C. tropicalis	Dauer	C. tropicalis Dauer	EWH 2017
468	16	C. tropicalis	Dauer	C. tropicalis Dauer	EWH 2017
453	18	C. tropicalis	Dauer	C. tropicalis Dauer	EWH 2017
482	16	C. tropicalis	Dauer	C. tropicalis Dauer	EWH 2017
501	22	C. tropicalis	Dauer	C. tropicalis Dauer	EWH 2017
413	15	C. tropicalis	Dauer	C. tropicalis Dauer	EWH 2017
456	21	C. tropicalis	Dauer	C. tropicalis Dauer	EWH 2017
505	21	C. tropicalis	Dauer	C. tropicalis Dauer	EWH 2017
464	16	C. tropicalis	Dauer	C. tropicalis Dauer	EWH 2017
489	18	C. tropicalis	Dauer	C. tropicalis Dauer	EWH 2017
540	23	C. tropicalis	Dauer	C. tropicalis Dauer	EWH 2017
459	17	C. tropicalis	Dauer	C. tropicalis Dauer	EWH 2017
560	15	C. tropicalis	Dauer	C. tropicalis Dauer	EWH 2017
557	23	C. tropicalis	Dauer	C. tropicalis Dauer	EWH 2017
552	26	C. tropicalis	Dauer	C. tropicalis Dauer	EWH 2017
501	18	C. tropicalis	Dauer	C. tropicalis Dauer	EWH 2017
478	17	C. tropicalis	Dauer	C. tropicalis Dauer	EWH 2017
500	20	C. tropicalis	Dauer	C. tropicalis Dauer	EWH 2017
531	20	C. tropicalis	Dauer	C. tropicalis Dauer	EWH 2017
571	23	C. tropicalis	Dauer	C. tropicalis Dauer	EWH 2017
547	23	C. tropicalis	Dauer	C. tropicalis Dauer	EWH 2017
485	16	C. tropicalis	Dauer	C. tropicalis Dauer	EWH 2017
566	27	C. tropicalis	Dauer	C. tropicalis Dauer	EWH 2017
474	18	C. tropicalis	Dauer	C. tropicalis Dauer	EWH 2017
473	20	C. tropicalis	Dauer	C. tropicalis Dauer	EWH 2017
540	20	C. tropicalis	Dauer	C. tropicalis Dauer	EWH 2017
571	22	C. tropicalis	Dauer	C. tropicalis Dauer	EWH 2017
465	17	C. tropicalis	Dauer	C. tropicalis Dauer	EWH 2017
521	17	C. tropicalis	Dauer	C. tropicalis Dauer	EWH 2017
468	23	C. inopinata	Dauer	C. inopinata Dauer	GCW 2019
411	27	C. inopinata	Dauer	C. inopinata Dauer	GCW 2019
481	26	C. inopinata	Dauer	C. inopinata Dauer	GCW 2019
394	24	C. inopinata	Dauer	C. inopinata Dauer	GCW 2019
467	26	C. inopinata	Dauer	C. inopinata Dauer	GCW 2019
457	25	C. inopinata	Dauer	C. inopinata Dauer	GCW 2019
452	23	C. inopinata	Dauer	C. inopinata Dauer	GCW 2019
391	26	C. inopinata	Dauer	C. inopinata Dauer	GCW 2019
479	28	C. inopinata	Dauer	C. inopinata Dauer	GCW 2019
503	24	C. inopinata	Dauer	C. inopinata Dauer	GCW 2019
492	27	C. inopinata	Dauer	C. inopinata Dauer	GCW 2019
512	24	C. inopinata	Dauer	C. inopinata Dauer	GCW 2019
323	24	C. inopinata	Dauer	C. inopinata Dauer	GCW 2019
498	26	C. inopinata	Dauer	C. inopinata Dauer	GCW 2019
490	27	C. inopinata	Dauer	C. inopinata Dauer	GCW 2019
433	23	C. inopinata	Dauer	C. inopinata Dauer	GCW 2019
423	25	C. inopinata	Dauer	C. inopinata Dauer	GCW 2019
521	27	C. inopinata	Dauer	C. inopinata Dauer	GCW 2019
480	21	C. inopinata	Dauer	C. inopinata Dauer	GCW 2019
422	20	C. inopinata	Dauer	C. inopinata Dauer	GCW 2019
533	25	C. inopinata	Dauer	C. inopinata Dauer	GCW 2019
483	23	C. inopinata	Dauer	C. inopinata Dauer	GCW 2019
494	22	C. inopinata	Dauer	C. inopinata Dauer	GCW 2019
503	26	C. inopinata	Dauer	C. inopinata Dauer	GCW 2019
499	24	C. inopinata	Dauer	C. inopinata Dauer	GCW 2019
457	24	C. inopinata	Dauer	C. inopinata Dauer	GCW 2019
517	23	C. inopinata	Dauer	C. inopinata Dauer	GCW 2019
461	21	C. inopinata	Dauer	C. inopinata Dauer	GCW 2019
501	25	C. inopinata	Dauer	C. inopinata Dauer	GCW 2019
512	27	C. inopinata	Dauer	C. inopinata Dauer	GCW 2019
437	26	C. inopinata	Dauer	C. inopinata Dauer	GCW 2019
451	26	C. inopinata	Dauer	C. inopinata Dauer	GCW 2019
530	23	C. inopinata	Dauer	C. inopinata Dauer	GCW 2019
496	29	C. inopinata	Dauer	C. inopinata Dauer	GCW 2019
538	21	C. elegans	Dauer	C. elegans Dauer	GCW 2019
476	18	C. elegans	Dauer	C. elegans Dauer	GCW 2019
529	20	C. elegans	Dauer	C. elegans Dauer	GCW 2019
631	25	C. elegans	Dauer	C. elegans Dauer	GCW 2019
665	24	C. elegans	Dauer	C. elegans Dauer	GCW 2019
514	18	C. elegans	Dauer	C. elegans Dauer	GCW 2019
514	19	C. elegans	Dauer	C. elegans Dauer	GCW 2019
570	20	C. elegans	Dauer	C. elegans Dauer	GCW 2019
576	27	C. elegans	Dauer	C. elegans Dauer	GCW 2019
535	22	C. elegans	Dauer	C. elegans Dauer	GCW 2019
537	19	C. elegans	Dauer	C. elegans Dauer	GCW 2019
551	19	C. elegans	Dauer	C. elegans Dauer	GCW 2019
586	21	C. elegans	Dauer	C. elegans Dauer	GCW 2019
575	18	C. elegans	Dauer	C. elegans Dauer	GCW 2019
527	21	C. elegans	Dauer	C. elegans Dauer	GCW 2019
556	20	C. elegans	Dauer	C. elegans Dauer	GCW 2019
552	19	C. elegans	Dauer	C. elegans Dauer	GCW 2019
536	21	C. elegans	Dauer	C. elegans Dauer	GCW 2019
581	21	C. elegans	Dauer	C. elegans Dauer	GCW 2019
553	20	C. elegans	Dauer	C. elegans Dauer	GCW 2019
520	21	C. elegans	Dauer	C. elegans Dauer	GCW 2019
518	20	C. elegans	Dauer	C. elegans Dauer	GCW 2019
575	21	C. elegans	Dauer	C. elegans Dauer	GCW 2019
565	20	C. elegans	Dauer	C. elegans Dauer	GCW 2019
551	22	C. elegans	Dauer	C. elegans Dauer	GCW 2019
582	20	C. elegans	Dauer	C. elegans Dauer	GCW 2019
575	25	C. elegans	Dauer	C. elegans Dauer	GCW 2019
515	20	C. elegans	Dauer	C. elegans Dauer	GCW 2019
565	19	C. elegans	Dauer	C. elegans Dauer	GCW 2019
610	24	C. elegans	Dauer	C. elegans Dauer	GCW 2019
561	22	C. elegans	Dauer	C. elegans Dauer	GCW 2019
656	29	C. elegans	Dauer	C. elegans Dauer	GCW 2019
537	19	C. elegans	Dauer	C. elegans Dauer	GCW 2019
552	21	C. elegans	Dauer	C. elegans Dauer	GCW 2019
569	23	C. elegans	Dauer	C. elegans Dauer	GCW 2019
572	22	C. elegans	Dauer	C. elegans Dauer	GCW 2019
601	24	C. elegans	Dauer	C. elegans Dauer	GCW 2019
564	20	C. elegans	Dauer	C. elegans Dauer	GCW 2019
601	25	C. elegans	Dauer	C. elegans Dauer	GCW 2019
572	23	C. elegans	Dauer	C. elegans Dauer	GCW 2019
587	20	C. elegans	Dauer	C. elegans Dauer	GCW 2019
534	19	C. elegans	Dauer	C. elegans Dauer	GCW 2019
549	19	C. elegans	Dauer	C. elegans Dauer	GCW 2019
508	19	C. elegans	Dauer	C. elegans Dauer	GCW 2019
546	24	C. elegans	Dauer	C. elegans Dauer	GCW 2019
501	17	C. elegans	Dauer	C. elegans Dauer	GCW 2019
534	23	C. elegans	Dauer	C. elegans Dauer	GCW 2019
544	23	C. elegans	Dauer	C. elegans Dauer	GCW 2019
540	25	C. elegans	Dauer	C. elegans Dauer	GCW 2019
594	20	C. elegans	Dauer	C. elegans Dauer	GCW 2019
564	19	C. elegans	Dauer	C. elegans Dauer	GCW 2019
446	19	C. elegans	Dauer	C. elegans Dauer	KM 2022
416	20	C. elegans	Dauer	C. elegans Dauer	KM 2022
438	20	C. elegans	Dauer	C. elegans Dauer	KM 2022
384	18	C. elegans	Dauer	C. elegans Dauer	KM 2022
469	20	C. elegans	Dauer	C. elegans Dauer	KM 2022
381	19	C. elegans	Dauer	C. elegans Dauer	KM 2022
437	21	C. elegans	Dauer	C. elegans Dauer	KM 2022
402	22	C. elegans	Dauer	C. elegans Dauer	KM 2022
477	26	C. elegans	Dauer	C. elegans Dauer	KM 2022
466	19	C. elegans	Dauer	C. elegans Dauer	KM 2022
428	24	C. elegans	Dauer	C. elegans Dauer	KM 2022
462	23	C. elegans	Dauer	C. elegans Dauer	KM 2022
558	27	C. elegans	Dauer	C. elegans Dauer	KM 2022
511	31	C. elegans	Dauer	C. elegans Dauer	KM 2022
488	24	C. elegans	Dauer	C. elegans Dauer	KM 2022
455	20	C. elegans	Dauer	C. elegans Dauer	KM 2022
500	20	C. elegans	Dauer	C. elegans Dauer	KM 2022
467	24	C. elegans	Dauer	C. elegans Dauer	KM 2022
483	28	C. elegans	Dauer	C. elegans Dauer	KM 2022
491	22	C. elegans	Dauer	C. elegans Dauer	KM 2022
531	27	C. elegans	Dauer	C. elegans Dauer	KM 2022
403	16	C. elegans	Dauer	C. elegans Dauer	KM 2022
369	17	C. elegans	Dauer	C. elegans Dauer	KM 2022
493	24	C. elegans	Dauer	C. elegans Dauer	KM 2022
447	23	C. elegans	Dauer	C. elegans Dauer	KM 2022
506	25	C. elegans	Dauer	C. elegans Dauer	KM 2022
474	26	C. elegans	Dauer	C. elegans Dauer	KM 2022
510	19	C. elegans	Dauer	C. elegans Dauer	KM 2022
405	19	C. elegans	Dauer	C. elegans Dauer	KM 2022
443	21	C. elegans	Dauer	C. elegans Dauer	KM 2022
418	22	C. elegans	Dauer	C. elegans Dauer	KM 2022
386	24	C. elegans	Dauer	C. elegans Dauer	KM 2022
401	18	C. elegans	Dauer	C. elegans Dauer	KM 2022
442	19	C. elegans	Dauer	C. elegans Dauer	KM 2022
458	24	C. elegans	Dauer	C. elegans Dauer	KM 2022
460	23	C. elegans	Dauer	C. elegans Dauer	KM 2022
442	24	C. elegans	Dauer	C. elegans Dauer	KM 2022
433	19	C. elegans	Dauer	C. elegans Dauer	KM 2022
434	22	C. elegans	Dauer	C. elegans Dauer	KM 2022
383	24	C. elegans	Dauer	C. elegans Dauer	KM 2022
506	26	C. elegans	Dauer	C. elegans Dauer	KM 2022
416	23	C. elegans	Dauer	C. elegans Dauer	KM 2022
430	21	C. elegans	Dauer	C. elegans Dauer	KM 2022
434	23	C. elegans	Dauer	C. elegans Dauer	KM 2022
416	21	C. elegans	Dauer	C. elegans Dauer	KM 2022
418	23	C. elegans	Dauer	C. elegans Dauer	KM 2022
436	19	C. elegans	Dauer	C. elegans Dauer	KM 2022
492	23	C. elegans	Dauer	C. elegans Dauer	KM 2022
386	21	C. elegans	Dauer	C. elegans Dauer	KM 2022
391	19	C. elegans	Dauer	C. elegans Dauer	KM 2022
353	23	C. inopinata	Dauer	C. inopinata Dauer	KM 2022
417	23	C. inopinata	Dauer	C. inopinata Dauer	KM 2022
420	23	C. inopinata	Dauer	C. inopinata Dauer	KM 2022
376	25	C. inopinata	Dauer	C. inopinata Dauer	KM 2022
337	18	C. inopinata	Dauer	C. inopinata Dauer	KM 2022
419	26	C. inopinata	Dauer	C. inopinata Dauer	KM 2022
383	23	C. inopinata	Dauer	C. inopinata Dauer	KM 2022
310	18	C. inopinata	Dauer	C. inopinata Dauer	KM 2022
319	24	C. inopinata	Dauer	C. inopinata Dauer	KM 2022
357	22	C. inopinata	Dauer	C. inopinata Dauer	KM 2022
393	22	C. inopinata	Dauer	C. inopinata Dauer	KM 2022
286	20	C. inopinata	Dauer	C. inopinata Dauer	KM 2022
445	24	C. inopinata	Dauer	C. inopinata Dauer	KM 2022
349	22	C. inopinata	Dauer	C. inopinata Dauer	KM 2022
386	24	C. inopinata	Dauer	C. inopinata Dauer	KM 2022
412	23	C. inopinata	Dauer	C. inopinata Dauer	KM 2022
325	18	C. inopinata	Dauer	C. inopinata Dauer	KM 2022
375	22	C. inopinata	Dauer	C. inopinata Dauer	KM 2022
452	21	C. inopinata	Dauer	C. inopinata Dauer	KM 2022
307	20	C. inopinata	Dauer	C. inopinata Dauer	KM 2022
349	23	C. inopinata	Dauer	C. inopinata Dauer	KM 2022
335	22	C. inopinata	Dauer	C. inopinata Dauer	KM 2022
435	25	C. inopinata	Dauer	C. inopinata Dauer	KM 2022
371	19	C. inopinata	Dauer	C. inopinata Dauer	KM 2022
451	32	C. inopinata	Dauer	C. inopinata Dauer	KM 2022
352	25	C. inopinata	Dauer	C. inopinata Dauer	KM 2022
393	20	C. inopinata	Dauer	C. inopinata Dauer	KM 2022
395	24	C. inopinata	Dauer	C. inopinata Dauer	KM 2022
355	20	C. inopinata	Dauer	C. inopinata Dauer	KM 2022
391	25	C. inopinata	Dauer	C. inopinata Dauer	KM 2022
366	25	C. inopinata	Dauer	C. inopinata Dauer	KM 2022
322	21	C. inopinata	Dauer	C. inopinata Dauer	KM 2022
360	23	C. inopinata	Dauer	C. inopinata Dauer	KM 2022
364	20	C. inopinata	Dauer	C. inopinata Dauer	KM 2022
451	28	C. inopinata	Dauer	C. inopinata Dauer	KM 2022
373	27	C. inopinata	Dauer	C. inopinata Dauer	KM 2022
351	24	C. inopinata	Dauer	C. inopinata Dauer	KM 2022
334	22	C. inopinata	Dauer	C. inopinata Dauer	KM 2022
414	28	C. inopinata	Dauer	C. inopinata Dauer	KM 2022
369	26	C. inopinata	Dauer	C. inopinata Dauer	KM 2022
367	28	C. inopinata	Dauer	C. inopinata Dauer	KM 2022
342	24	C. inopinata	Dauer	C. inopinata Dauer	KM 2022
356	22	C. inopinata	Dauer	C. inopinata Dauer	KM 2022
386	27	C. inopinata	Dauer	C. inopinata Dauer	KM 2022
366	23	C. inopinata	Dauer	C. inopinata Dauer	KM 2022
599	27	C. elegans	L3	C. elegans L3	KM 2022
560	26	C. elegans	L3	C. elegans L3	KM 2022
410	26	C. elegans	L3	C. elegans L3	KM 2022
488	22	C. elegans	L3	C. elegans L3	KM 2022
454	21	C. elegans	L3	C. elegans L3	KM 2022
436	22	C. elegans	L3	C. elegans L3	KM 2022
534	31	C. elegans	L3	C. elegans L3	KM 2022
568	35	C. elegans	L3	C. elegans L3	KM 2022
596	29	C. elegans	L3	C. elegans L3	KM 2022
469	30	C. elegans	L3	C. elegans L3	KM 2022
374	22	C. elegans	L3	C. elegans L3	KM 2022
477	30	C. elegans	L3	C. elegans L3	KM 2022
498	26	C. elegans	L3	C. elegans L3	KM 2022
452	26	C. elegans	L3	C. elegans L3	KM 2022
391	24	C. elegans	L3	C. elegans L3	KM 2022
455	28	C. elegans	L3	C. elegans L3	KM 2022
475	29	C. elegans	L3	C. elegans L3	KM 2022
477	29	C. elegans	L3	C. elegans L3	KM 2022
470	25	C. elegans	L3	C. elegans L3	KM 2022
460	22	C. elegans	L3	C. elegans L3	KM 2022
447	26	C. elegans	L3	C. elegans L3	KM 2022
467	20	C. elegans	L3	C. elegans L3	KM 2022
550	26	C. elegans	L3	C. elegans L3	KM 2022
399	23	C. elegans	L3	C. elegans L3	KM 2022
499	27	C. elegans	L3	C. elegans L3	KM 2022
568	25	C. elegans	L3	C. elegans L3	KM 2022
444	25	C. elegans	L3	C. elegans L3	KM 2022
436	27	C. elegans	L3	C. elegans L3	KM 2022
414	29	C. elegans	L3	C. elegans L3	KM 2022
483	30	C. elegans	L3	C. elegans L3	KM 2022
461	24	C. elegans	L3	C. elegans L3	KM 2022
517	32	C. elegans	L3	C. elegans L3	KM 2022
347	24	C. elegans	L3	C. elegans L3	KM 2022
358	24	C. elegans	L3	C. elegans L3	KM 2022
395	22	C. elegans	L3	C. elegans L3	KM 2022
460	21	C. elegans	L3	C. elegans L3	KM 2022
453	25	C. elegans	L3	C. elegans L3	KM 2022
454	24	C. elegans	L3	C. elegans L3	KM 2022
449	22	C. elegans	L3	C. elegans L3	KM 2022
425	25	C. elegans	L3	C. elegans L3	KM 2022
444	33	C. elegans	L3	C. elegans L3	KM 2022
443	24	C. elegans	L3	C. elegans L3	KM 2022
470	26	C. elegans	L3	C. elegans L3	KM 2022
430	27	C. elegans	L3	C. elegans L3	KM 2022
476	22	C. elegans	L3	C. elegans L3	KM 2022
415	30	C. elegans	L3	C. elegans L3	KM 2022
485	27	C. elegans	L3	C. elegans L3	KM 2022
475	28	C. elegans	L3	C. elegans L3	KM 2022
521	30	C. elegans	L3	C. elegans L3	KM 2022
435	27	C. elegans	L3	C. elegans L3	KM 2022
565	27	C. inopinata	L3	C. inopinata L3	KM 2022
549	27	C. inopinata	L3	C. inopinata L3	KM 2022
502	26	C. inopinata	L3	C. inopinata L3	KM 2022
498	33	C. inopinata	L3	C. inopinata L3	KM 2022
458	30	C. inopinata	L3	C. inopinata L3	KM 2022
535	30	C. inopinata	L3	C. inopinata L3	KM 2022
545	29	C. inopinata	L3	C. inopinata L3	KM 2022
593	30	C. inopinata	L3	C. inopinata L3	KM 2022
602	33	C. inopinata	L3	C. inopinata L3	KM 2022
533	28	C. inopinata	L3	C. inopinata L3	KM 2022
466	29	C. inopinata	L3	C. inopinata L3	KM 2022
690	33	C. inopinata	L3	C. inopinata L3	KM 2022
686	31	C. inopinata	L3	C. inopinata L3	KM 2022
688	32	C. inopinata	L3	C. inopinata L3	KM 2022
643	38	C. inopinata	L3	C. inopinata L3	KM 2022
618	29	C. inopinata	L3	C. inopinata L3	KM 2022
534	29	C. inopinata	L3	C. inopinata L3	KM 2022
584	27	C. inopinata	L3	C. inopinata L3	KM 2022
645	31	C. inopinata	L3	C. inopinata L3	KM 2022
716	34	C. inopinata	L3	C. inopinata L3	KM 2022
462	30	C. inopinata	L3	C. inopinata L3	KM 2022
590	30	C. inopinata	L3	C. inopinata L3	KM 2022
668	31	C. inopinata	L3	C. inopinata L3	KM 2022
556	32	C. inopinata	L3	C. inopinata L3	KM 2022
504	28	C. inopinata	L3	C. inopinata L3	KM 2022
506	28	C. inopinata	L3	C. inopinata L3	KM 2022
440	26	C. inopinata	L3	C. inopinata L3	KM 2022
420	25	C. inopinata	L3	C. inopinata L3	KM 2022
607	32	C. inopinata	L3	C. inopinata L3	KM 2022
461	27	C. inopinata	L3	C. inopinata L3	KM 2022
491	29	C. inopinata	L3	C. inopinata L3	KM 2022
513	34	C. inopinata	L3	C. inopinata L3	KM 2022
498	28	C. inopinata	L3	C. inopinata L3	KM 2022
470	23	C. inopinata	L3	C. inopinata L3	KM 2022
697	27	C. inopinata	L3	C. inopinata L3	KM 2022
618	31	C. inopinata	L3	C. inopinata L3	KM 2022
505	30	C. inopinata	L3	C. inopinata L3	KM 2022
544	31	C. inopinata	L3	C. inopinata L3	KM 2022
747	32	C. inopinata	L3	C. inopinata L3	KM 2022
623	37	C. inopinata	L3	C. inopinata L3	KM 2022
568	27	C. inopinata	L3	C. inopinata L3	KM 2022
705	28	C. inopinata	L3	C. inopinata L3	KM 2022
560	34	C. inopinata	L3	C. inopinata L3	KM 2022
455	25	C. inopinata	L3	C. inopinata L3	KM 2022
706	33	C. inopinata	L3	C. inopinata L3	KM 2022
568	24	C. inopinata	L3	C. inopinata L3	KM 2022
450	25	C. inopinata	L3	C. inopinata L3	KM 2022
517	25	C. inopinata	L3	C. inopinata L3	KM 2022
512	24	C. inopinata	L3	C. inopinata L3	KM 2022
531	26	C. inopinata	L3	C. inopinata L3	KM 2022
520	28	C. inopinata	L3	C. inopinata L3	KM 2022
531	27	C. inopinata	L3	C. inopinata L3	KM 2022
530	31	C. inopinata	L3	C. inopinata L3	KM 2022
511	30	C. inopinata	L3	C. inopinata L3	KM 2022
362	25	C. inopinata	L3	C. inopinata L3	KM 2022
489	31	C. inopinata	L3	C. inopinata L3	KM 2022
642	31	C. inopinata	L3	C. inopinata L3	KM 2022
518	31	C. inopinata	L3	C. inopinata L3	KM 2022
482	33	C. inopinata	L3	C. inopinata L3	KM 2022
440	23	C. inopinata	L3	C. inopinata L3	KM 2022
525	26	C. inopinata	L3	C. inopinata L3	KM 2022
661	28	C. inopinata	L3	C. inopinata L3	KM 2022
468	21	C. inopinata	L3	C. inopinata L3	KM 2022
424	20	C. inopinata	L3	C. inopinata L3	KM 2022
464	22	C. inopinata	L3	C. inopinata L3	KM 2022
529	31	C. inopinata	L3	C. inopinata L3	KM 2022
672	36	C. inopinata	L3	C. inopinata L3	KM 2022
494	19	C. inopinata	L3	C. inopinata L3	KM 2022
479	28	C. inopinata	L3	C. inopinata L3	KM 2022
537	30	C. inopinata	L3	C. inopinata L3	KM 2022
514	35	C. inopinata	L3	C. inopinata L3	KM 2022
430	28	C. inopinata	L3	C. inopinata L3	KM 2022
554	30	C. inopinata	L3	C. inopinata L3	KM 2022
569	32	C. inopinata	L3	C. inopinata L3	KM 2022
475	27	C. inopinata	L3	C. inopinata L3	KM 2022
463	28	C. inopinata	L3	C. inopinata L3	KM 2022
538	33	C. inopinata	L3	C. inopinata L3	KM 2022
536	36	C. inopinata	L3	C. inopinata L3	KM 2022
455	27	C. inopinata	L3	C. inopinata L3	KM 2022
663	37	C. inopinata	L3	C. inopinata L3	KM 2022
359	22	C. inopinata	L3	C. inopinata L3	KM 2022
501	30	C. inopinata	L3	C. inopinata L3	KM 2022
521	30	C. inopinata	L3	C. inopinata L3	KM 2022
475	32	C. inopinata	L3	C. inopinata L3	KM 2022
541	34	C. inopinata	L3	C. inopinata L3	KM 2022
485	26	C. inopinata	L3	C. inopinata L3	KM 2022
451	23	C. inopinata	L3	C. inopinata L3	KM 2022
472	29	C. inopinata	L3	C. inopinata L3	KM 2022
497	31	C. inopinata	L3	C. inopinata L3	KM 2022
590	27	C. inopinata	L3	C. inopinata L3	KM 2022
453	27	C. inopinata	L3	C. inopinata L3	KM 2022
512	36	C. inopinata	L3	C. inopinata L3	KM 2022
524	31	C. inopinata	L3	C. inopinata L3	KM 2022
523	29	C. inopinata	L3	C. inopinata L3	KM 2022
567	39	C. inopinata	L3	C. inopinata L3	KM 2022
366	29	C. inopinata	L3	C. inopinata L3	KM 2022
496	29	C. inopinata	L3	C. inopinata L3	KM 2022
440	28	C. inopinata	L3	C. inopinata L3	KM 2022
